#nodes,time
1,3.15284
2,1.85748
3,1.47788
4,1.25322