#block_dim,time
1,107.684
2,15.8369
3,5.08202
4,2.51385
5,1.53508
6,1.73485
8,0.948905
12,0.901671
16,0.769807
24,0.767742
32,0.799603